[수입] 그리그: 피아노 협주곡 / 베르발트: 피아노 협주곡 / 닐센: '사울과 다윗' 2막 프렐류드 외|https://image.aladin.co.kr/product/26208/54/cover150/c072832459_1.jpg|22100
스타트업 O.S.T [3CD]|https://image.aladin.co.kr/product/26206/92/cover150/c932832459_1.jpg|32300
현아 - 미니 7집 I'm Not Cool|https://image.aladin.co.kr/product/26205/89/cover150/c952832459_0.jpg|17800
[수입] 팔라댕 : 류트 작품집|https://image.aladin.co.kr/product/26197/45/cover150/c772832356_1.jpg|15300
[수입] 쇼스타코비치 : 24곡의 프렐류드와 푸가 op.87 [5 for 2]|https://image.aladin.co.kr/product/26196/40/cover150/c672832356_1.jpg|44200
[수입] 드보르자크, 하이든, 보케리니 & 비발디: 첼로 협주곡 [4 for 2]|https://image.aladin.co.kr/product/26194/90/cover150/c562832356_1.jpg|44200
[수입] 쇼팽: 피아노 협주곡 1번, 24개의 프렐류드 op.28, 9곡의 폴로네즈, 6곡의 마주르카 외 [4 for 2]|https://image.aladin.co.kr/product/26194/56/cover150/c432832356_1.jpg|44200
[수입] 루돌프 피르쿠스니 - 독주곡과 실내악 녹음 선집 [10 for 3]|https://image.aladin.co.kr/product/26194/39/cover150/c422832356_1.jpg|66300
조수미 - Only Love [180g LP]|https://image.aladin.co.kr/product/26194/8/cover150/c462832356_1.jpg|52800
[수입] 솔로몬이 연주하는 협주곡, 소나타, 소품들 [10 for 3]|https://image.aladin.co.kr/product/26193/92/cover150/c332832356_1.jpg|66300
[수입] 바그너 : 뉘른베르크의 명가수(마이스터징거) 전곡 [4CD]|https://image.aladin.co.kr/product/26193/78/cover150/c302832356_1.jpg|55200
[수입] 영화 '소울' O.S.T|https://image.aladin.co.kr/product/26192/74/cover150/c122832356_1.jpg|23100
[수입] 비버 : 로자리오(묵주) 소나타 [2 for 1]|https://image.aladin.co.kr/product/26189/35/cover150/c332832351_1.jpg|15300
[수입] 말러 : 대지의 노래|https://image.aladin.co.kr/product/26189/19/cover150/c302832351_1.jpg|23700
청하 - 1집 스튜디오 앨범 Querencia|https://image.aladin.co.kr/product/26188/65/cover150/c242832351_0.jpg|24100
[수입] 베토벤 : 피아노 협주곡 3번 & 트리플 콘체르토|https://image.aladin.co.kr/product/26188/44/cover150/c232832351_1.jpg|23700
조동익 - 정규 2집 푸른 베개 [180g 2LP][게이트폴드 커버]|https://image.aladin.co.kr/product/26188/25/cover150/c222832351_1.jpg|71700
[수입] 베토벤을 찾아서|https://image.aladin.co.kr/product/26188/19/cover150/c212832351_1.jpg|23700
[수입] 차이코프스키 : 교향곡 5번 & 프란체스카 다 리미니 [디지팩]|https://image.aladin.co.kr/product/26188/8/cover150/c202832351_1.jpg|23700
[수입] 알비노니 컬렉터스 에디션 [16CD]|https://image.aladin.co.kr/product/26186/89/cover150/c252832351_1.jpg|10
[수입] 바흐 : 평균율 클라비어 2권|https://image.aladin.co.kr/product/26184/15/cover150/c172832351_1.jpg|10
[수입] 베토벤: 교향곡 3, 9번 / 브람스: 교향곡 1번 / 말러: 방황하는 젊은이의 노래 [4CD]|https://image.aladin.co.kr/product/26183/53/cover150/c062832351_1.jpg|87200
[수입] 전설적인 여성 바이올리니스트 - 귈라 부스타보, 미셸 오클레르 & 롤라 보베스코|https://image.aladin.co.kr/product/26183/33/cover150/c052832351_1.jpg|19100
[수입] 달보레 - 독일 리사이틀 (1939-1955)|https://image.aladin.co.kr/product/26183/22/cover150/c902832351_1.jpg|19100
[수입] 솔로비에프 - 프랑스 리사이틀 (1959, 1966)|https://image.aladin.co.kr/product/26183/3/cover150/c962832351_1.jpg|19100
