트랜서핑 현실의 지배자|https://image.aladin.co.kr/product/26180/27/cover150/8935704466_1.jpg|17000
매일 아침 1시간이 나를 바꾼다|https://image.aladin.co.kr/product/26017/45/cover150/k432737455_2.jpg|13800
내일을 위한 내 일|https://image.aladin.co.kr/product/25967/85/cover150/8936459414_1.jpg|14000
언뜻 보기에 좋은 사람이 더 위험해|https://image.aladin.co.kr/product/26113/27/cover150/k102737256_1.jpg|13000
타인을 읽는 말|https://image.aladin.co.kr/product/26082/25/cover150/8965964229_1.jpg|16000
원 해빗 One Habit|https://image.aladin.co.kr/product/26077/5/cover150/k132737154_1.jpg|14000
루틴의 힘 2|https://image.aladin.co.kr/product/26076/71/cover150/896051831x_1.jpg|15000
마이크로 파이프라인|https://image.aladin.co.kr/product/26076/26/cover150/k012737153_1.jpg|15000
아주 짧은 집중의 힘|https://image.aladin.co.kr/product/26076/11/cover150/k912737153_1.jpg|13800
리더는 칭찬하지 않는다|https://image.aladin.co.kr/product/26075/51/cover150/8925589230_1.jpg|15000
제로 웨이스트는 처음인데요|https://image.aladin.co.kr/product/26075/44/cover150/k292737152_1.jpg|15800
도티의 플랜B|https://image.aladin.co.kr/product/26067/9/cover150/890124831x_1.jpg|16500
객관적이고 과학적인 공부법|https://image.aladin.co.kr/product/26065/82/cover150/k832737057_1.jpg|16000
아이 엠 스토리|https://image.aladin.co.kr/product/26065/76/cover150/k882737057_1.jpg|15000
내일의 나를 위한 다짐|https://image.aladin.co.kr/product/26058/0/cover150/8968332908_1.jpg|15800
처세의 인문학|https://image.aladin.co.kr/product/26057/68/cover150/k222737053_1.jpg|13000
데일 카네기 자기관리론|https://image.aladin.co.kr/product/26057/28/cover150/k432737052_1.jpg|11500
조금 멀리서 마음의 안부를 묻다|https://image.aladin.co.kr/product/26055/93/cover150/k202737051_1.jpg|15000
17년째 버티고 있는 중입니다|https://image.aladin.co.kr/product/26055/43/cover150/8965292646_1.jpg|12800
나는 전략적으로 살 것이다|https://image.aladin.co.kr/product/26037/83/cover150/k682737957_2.jpg|15000
대화의 품격|https://image.aladin.co.kr/product/26033/96/cover150/k462737951_1.jpg|15000
당신이 변하지 않으니 퇴사하겠습니다|https://image.aladin.co.kr/product/26028/61/cover150/k852737958_1.jpg|15000
일을 잘한다는 것|https://image.aladin.co.kr/product/26023/31/cover150/8901248166_1.jpg|16000
그림은 위로다|https://image.aladin.co.kr/product/26020/55/cover150/k852737850_1.jpg|16800
퍼포스풀|https://image.aladin.co.kr/product/26020/39/cover150/8925589400_1.jpg|16000
